counter,phone_counter,userID,isLock,timestamp
55128,1,peppapig,1,1570003083
55129,2,peppapig,1,1570003087
55130,3,peppapig,0,1570003090
55131,4,peppapig,1,1570003382
55132,5,peppapig,0,1570003674
55133,6,peppapig,1,1570003693
55134,7,peppapig,1,1570003914
55135,8,peppapig,0,1570003915
55136,9,peppapig,1,1570003940
55137,10,peppapig,1,1570004229
55138,11,peppapig,0,1570005040
55139,12,peppapig,1,1570005108
55140,13,peppapig,0,1570005162
55141,14,peppapig,1,1570005172
55157,15,peppapig,0,1570007212
55158,16,peppapig,1,1570007748
55159,17,peppapig,0,1570007795
55160,18,peppapig,1,1570008400
55161,19,peppapig,0,1570009915
55162,20,peppapig,0,1570010156
55163,21,peppapig,1,1570010156
55165,22,peppapig,1,1570010992
55166,23,peppapig,0,1570011041
55167,24,peppapig,1,1570011145
55168,25,peppapig,0,1570011151
55169,26,peppapig,1,1570011174
55170,27,peppapig,1,1570011176
55171,28,peppapig,1,1570011182
55172,29,peppapig,0,1570011214
55173,30,peppapig,1,1570011221
55174,31,peppapig,0,1570011281
55175,32,peppapig,1,1570011286
55176,33,peppapig,1,1570011294
55177,34,peppapig,1,1570011343
55178,35,peppapig,1,1570011357
55179,36,peppapig,1,1570011359
55180,37,peppapig,1,1570011408
55181,38,peppapig,1,1570011410
55182,39,peppapig,0,1570011622
55183,40,peppapig,1,1570011634
55184,41,peppapig,1,1570011889
55185,42,peppapig,1,1570011904
55186,43,peppapig,0,1570012199
55187,44,peppapig,1,1570012282
55188,45,peppapig,0,1570012326
55189,46,peppapig,1,1570012342
55190,47,peppapig,1,1570013460
55191,48,peppapig,1,1570013497
55192,49,peppapig,1,1570013508
55193,50,peppapig,1,1570013519
55194,51,peppapig,1,1570013592
55195,52,peppapig,0,1570013630
55196,53,peppapig,1,1570013639
55209,54,peppapig,1,1570015087
55210,55,peppapig,0,1570015088
55211,56,peppapig,1,1570015164
55212,57,peppapig,0,1570015185
55213,58,peppapig,1,1570015229
55214,59,peppapig,0,1570015238
55215,60,peppapig,1,1570015301
55216,61,peppapig,1,1570015817
55217,62,peppapig,0,1570016292
55218,63,peppapig,1,1570016413
55219,64,peppapig,0,1570016558
55220,65,peppapig,1,1570016706
55221,66,peppapig,0,1570016920
55222,67,peppapig,1,1570016943
55223,68,peppapig,0,1570017206
55224,69,peppapig,1,1570017218
55225,70,peppapig,0,1570017223
55226,71,peppapig,1,1570017225
55227,72,peppapig,0,1570017230
55228,73,peppapig,1,1570017233
55229,74,peppapig,0,1570017237
55230,75,peppapig,1,1570017251
55231,76,peppapig,0,1570017269
55232,77,peppapig,1,1570017274
55233,78,peppapig,0,1570017383
55234,79,peppapig,1,1570017439
55235,80,peppapig,0,1570017480
55236,81,peppapig,1,1570017585
55237,82,peppapig,0,1570017620
55238,83,peppapig,1,1570017664
55239,84,peppapig,1,1570017690
55240,85,peppapig,1,1570018034
55241,86,peppapig,0,1570018052
55242,87,peppapig,1,1570018062
55243,88,peppapig,0,1570018402
55244,89,peppapig,1,1570018419
55253,90,peppapig,1,1570018691
55254,91,peppapig,1,1570018816
55255,92,peppapig,0,1570018998
55256,93,peppapig,1,1570019254
55257,94,peppapig,0,1570019524
55258,95,peppapig,1,1570019547
55259,96,peppapig,0,1570019639
55260,97,peppapig,1,1570019648
55261,98,peppapig,0,1570019649
55262,99,peppapig,1,1570019685
55263,100,peppapig,0,1570019708
55264,101,peppapig,1,1570019723
55265,102,peppapig,0,1570019782
55266,103,peppapig,1,1570020847
55267,104,peppapig,0,1570020987
55268,105,peppapig,1,1570020990
55269,106,peppapig,0,1570021030
55270,107,peppapig,1,1570021034
55271,108,peppapig,0,1570021168
55272,109,peppapig,1,1570021408
55273,110,peppapig,0,1570021417
55274,111,peppapig,1,1570021419
55275,112,peppapig,0,1570021424
55276,113,peppapig,1,1570021453
55277,114,peppapig,0,1570021761
55278,115,peppapig,1,1570021807
55279,116,peppapig,0,1570022186
55280,117,peppapig,1,1570022263
55281,118,peppapig,0,1570022399
55282,119,peppapig,1,1570022420
55283,120,peppapig,0,1570022441
55301,121,peppapig,1,1570022672
55302,122,peppapig,0,1570022691
55303,123,peppapig,1,1570023211
55304,124,peppapig,0,1570023303
55305,125,peppapig,1,1570023534
55306,126,peppapig,0,1570023549
55307,127,peppapig,1,1570023693
55308,128,peppapig,0,1570023708
55309,129,peppapig,1,1570023781
55310,130,peppapig,1,1570023968
55311,131,peppapig,0,1570025433
55312,132,peppapig,1,1570025463
55313,133,peppapig,0,1570025479
55314,134,peppapig,1,1570025499
55344,135,peppapig,0,1570027013
55345,136,peppapig,1,1570027054
55346,137,peppapig,0,1570027261
55347,138,peppapig,1,1570027284
55348,139,peppapig,0,1570027327
55349,140,peppapig,1,1570027334
55350,141,peppapig,0,1570027355
55351,142,peppapig,1,1570027386
55352,143,peppapig,0,1570027399
55353,144,peppapig,1,1570027446
55354,145,peppapig,0,1570027462
55355,146,peppapig,1,1570027471
55356,147,peppapig,0,1570027717
55357,148,peppapig,1,1570027737
55358,149,peppapig,0,1570027791
55359,150,peppapig,1,1570027813
55360,151,peppapig,1,1570028284
55361,152,peppapig,0,1570028352
55362,153,peppapig,1,1570028358
55363,154,peppapig,0,1570028407
55364,155,peppapig,1,1570028856
55365,156,peppapig,0,1570028986
55366,157,peppapig,1,1570029229
55367,158,peppapig,0,1570029688
55368,159,peppapig,1,1570029721
55380,160,peppapig,1,1570031036
55381,161,peppapig,1,1570031192
55382,162,peppapig,1,1570031258
55383,163,peppapig,0,1570031366
55384,164,peppapig,1,1570031388
55385,165,peppapig,0,1570032630
55386,166,peppapig,1,1570032710
55394,167,peppapig,1,1570034134
55395,168,peppapig,0,1570035289
55396,169,peppapig,1,1570035329
55397,170,peppapig,1,1570035773
55398,171,peppapig,1,1570035976
55416,172,peppapig,0,1570038683
55417,173,peppapig,1,1570038687
55418,174,peppapig,1,1570039265
55419,175,peppapig,0,1570041271
55420,176,peppapig,1,1570041293
55421,177,peppapig,0,1570041322
55422,178,peppapig,1,1570041349
55423,179,peppapig,1,1570041373
55439,180,peppapig,1,1570042623
55440,181,peppapig,0,1570045542
55471,182,peppapig,1,1570046553
55472,183,peppapig,0,1570047342
55473,184,peppapig,1,1570048010
55474,185,peppapig,0,1570048162
55475,186,peppapig,1,1570048178
55476,187,peppapig,1,1570048197
55477,188,peppapig,1,1570048214
55478,189,peppapig,1,1570048227
55479,190,peppapig,1,1570048245
55480,191,peppapig,1,1570048293
55481,192,peppapig,1,1570048390
55482,193,peppapig,1,1570048699
55509,194,peppapig,1,1570053906
55510,195,peppapig,1,1570068388
55511,196,peppapig,0,1570068395
55512,197,peppapig,1,1570068403
55513,198,peppapig,1,1570075213
55514,199,peppapig,0,1570075521
55515,200,peppapig,1,1570079156
55516,201,peppapig,1,1570079221
55517,202,peppapig,1,1570079467
55518,203,peppapig,1,1570079487
55520,204,peppapig,0,1570083852
55521,205,peppapig,1,1570084005
55522,206,peppapig,0,1570084169
55523,207,peppapig,1,1570084335
55524,208,peppapig,0,1570084388
55525,209,peppapig,1,1570084398
55526,210,peppapig,0,1570084427
55527,211,peppapig,1,1570084433
55528,212,peppapig,1,1570084583
55529,213,peppapig,1,1570084653
55530,214,peppapig,1,1570084762
55531,215,peppapig,0,1570084852
55532,216,peppapig,1,1570085017
55533,217,peppapig,0,1570085192
55534,218,peppapig,1,1570085320
55535,219,peppapig,0,1570085527
55536,220,peppapig,1,1570085808
55537,221,peppapig,0,1570086011
55538,222,peppapig,1,1570086016
55552,223,peppapig,0,1570086208
55553,224,peppapig,1,1570086218
55554,225,peppapig,0,1570086717
55555,226,peppapig,1,1570086742
55556,227,peppapig,0,1570086743
55557,228,peppapig,1,1570086833
55589,229,peppapig,1,1570094173
55590,230,peppapig,1,1570094578
55591,231,peppapig,0,1570094929
55592,232,peppapig,1,1570095087
55593,233,peppapig,0,1570095107
55594,234,peppapig,1,1570095114
55595,235,peppapig,0,1570095144
55596,236,peppapig,1,1570095167
55597,237,peppapig,0,1570095718
55598,238,peppapig,1,1570096134
55599,239,peppapig,0,1570096199
55600,240,peppapig,1,1570097223
55601,241,peppapig,0,1570097242
55602,242,peppapig,1,1570097254
55603,243,peppapig,0,1570097294
55606,244,peppapig,1,1570097513
55607,245,peppapig,0,1570098884
55608,246,peppapig,1,1570099092
55609,247,peppapig,0,1570099303
55610,248,peppapig,1,1570099576
55611,249,peppapig,0,1570099590
55612,250,peppapig,1,1570099596
55613,251,peppapig,0,1570099599
55614,252,peppapig,1,1570099614
55615,253,peppapig,0,1570099626
55616,254,peppapig,1,1570100278
55617,255,peppapig,0,1570100396
55618,256,peppapig,1,1570100419
55619,257,peppapig,0,1570100611
55620,258,peppapig,1,1570100620
55621,259,peppapig,0,1570100630
55622,260,peppapig,1,1570100651
55623,261,peppapig,0,1570100727
55624,262,peppapig,1,1570100773
55625,263,peppapig,0,1570100776
55626,264,peppapig,1,1570100799
55627,265,peppapig,0,1570100861
55628,266,peppapig,1,1570100916
55629,267,peppapig,0,1570100971
55666,268,peppapig,1,1570101124
55667,269,peppapig,0,1570101129
55668,270,peppapig,1,1570101148
55669,271,peppapig,1,1570101196
55670,272,peppapig,0,1570101750
55671,273,peppapig,1,1570101759
55672,274,peppapig,0,1570101791
55673,275,peppapig,1,1570101841
55674,276,peppapig,0,1570102487
55675,277,peppapig,1,1570102493
55676,278,peppapig,1,1570102636
55677,279,peppapig,1,1570102839
55678,280,peppapig,0,1570103141
55679,281,peppapig,1,1570103153
55680,282,peppapig,1,1570103653
55681,283,peppapig,1,1570103724
55682,284,peppapig,1,1570104043
55683,285,peppapig,0,1570104093
55684,286,peppapig,1,1570104108
55685,287,peppapig,0,1570104196
55686,288,peppapig,1,1570104212
55687,289,peppapig,0,1570104327
55688,290,peppapig,1,1570104350
55689,291,peppapig,0,1570104496
55690,292,peppapig,1,1570104506
55691,293,peppapig,0,1570104536
55692,294,peppapig,1,1570104713
55693,295,peppapig,1,1570104718
55694,296,peppapig,1,1570104733
55695,297,peppapig,0,1570104757
55696,298,peppapig,1,1570104762
55697,299,peppapig,1,1570104801
55698,300,peppapig,1,1570104871
55699,301,peppapig,1,1570104883
55700,302,peppapig,1,1570105865
55701,303,peppapig,1,1570105866
55702,304,peppapig,0,1570107796
55703,305,peppapig,1,1570107878
55704,306,peppapig,1,1570108227
55705,307,peppapig,1,1570108243
55706,308,peppapig,1,1570108509
55707,309,peppapig,0,1570108850
55708,310,peppapig,1,1570108861
55709,311,peppapig,1,1570108890
55727,312,peppapig,0,1570113895
55728,313,peppapig,1,1570113927
55786,314,peppapig,0,1570116650
55787,315,peppapig,1,1570116737
55788,316,peppapig,0,1570116878
55789,317,peppapig,1,1570116897
55790,318,peppapig,1,1570117438
55791,319,peppapig,1,1570117440
55792,320,peppapig,0,1570117476
55793,321,peppapig,1,1570117499
55827,322,peppapig,0,1570118890
55828,323,peppapig,1,1570118897
55864,324,peppapig,0,1570123795
55865,325,peppapig,1,1570123886
55866,326,peppapig,0,1570126065
55867,327,peppapig,1,1570126259
55868,328,peppapig,0,1570126803
55869,329,peppapig,1,1570127025
55870,330,peppapig,0,1570129236
55871,331,peppapig,1,1570129298
55872,332,peppapig,1,1570129538
55904,333,peppapig,0,1570134946
55910,334,peppapig,1,1570134993
55911,335,peppapig,0,1570134994
55912,336,peppapig,1,1570135005
55920,337,peppapig,1,1570161617
55921,338,peppapig,1,1570162234
55922,339,peppapig,0,1570162604
55927,340,peppapig,1,1570166356
55928,341,peppapig,0,1570166359
55929,342,peppapig,1,1570166507
55953,343,peppapig,0,1570174574
55954,344,peppapig,1,1570174667
55955,345,peppapig,0,1570174962
55956,346,peppapig,1,1570174999
55957,347,peppapig,0,1570175027
55958,348,peppapig,1,1570175031
55959,349,peppapig,0,1570175071
55960,350,peppapig,1,1570175089
55961,351,peppapig,1,1570175099
55962,352,peppapig,0,1570175674
55963,353,peppapig,1,1570175702
55964,354,peppapig,0,1570175775
55965,355,peppapig,1,1570175784
55966,356,peppapig,1,1570175835
55967,357,peppapig,0,1570176060
55968,358,peppapig,1,1570176074
55969,359,peppapig,0,1570176190
55970,360,peppapig,1,1570176198
55971,361,peppapig,0,1570176289
55972,362,peppapig,1,1570176292
55973,363,peppapig,0,1570176320
55974,364,peppapig,1,1570176504
55975,365,peppapig,0,1570176901
55976,366,peppapig,1,1570176913
55977,367,peppapig,1,1570177006
56004,368,peppapig,1,1570177347
56005,369,peppapig,0,1570178649
56006,370,peppapig,1,1570178661
56007,371,peppapig,1,1570179436
56008,372,peppapig,1,1570179647
56009,373,peppapig,0,1570179742
56010,374,peppapig,1,1570180009
56011,375,peppapig,0,1570180092
56012,376,peppapig,1,1570180520
56013,377,peppapig,0,1570180563
56014,378,peppapig,1,1570180591
56015,379,peppapig,0,1570180604
56016,380,peppapig,1,1570180631
56017,381,peppapig,0,1570180910
56044,382,peppapig,1,1570180953
56045,383,peppapig,1,1570181055
56046,384,peppapig,1,1570181177
56047,385,peppapig,1,1570181941
56048,386,peppapig,1,1570182045
56049,387,peppapig,1,1570182319
56050,388,peppapig,0,1570182330
56051,389,peppapig,1,1570182340
56052,390,peppapig,0,1570182915
56053,391,peppapig,1,1570182920
56054,392,peppapig,0,1570182944
56055,393,peppapig,1,1570182983
56056,394,peppapig,0,1570183068
56057,395,peppapig,1,1570183176
56058,396,peppapig,0,1570183236
56059,397,peppapig,1,1570183244
56060,398,peppapig,0,1570183250
56061,399,peppapig,1,1570183257
56062,400,peppapig,0,1570183668
56063,401,peppapig,1,1570183689
56143,402,peppapig,0,1570189191
56144,403,peppapig,1,1570189213
56145,404,peppapig,0,1570190408
56146,405,peppapig,1,1570192170
56147,406,peppapig,0,1570192181
56148,407,peppapig,1,1570192267
56149,408,peppapig,0,1570192324
56150,409,peppapig,1,1570192506
56175,410,peppapig,1,1570194182
56176,411,peppapig,1,1570194406
56177,412,peppapig,1,1570195777
56184,413,peppapig,1,1570197567
56185,414,peppapig,0,1570198060
56186,415,peppapig,1,1570198096
56187,416,peppapig,0,1570198289
56188,417,peppapig,1,1570198360
56189,418,peppapig,0,1570199414
56225,419,peppapig,1,1570201418
56226,420,peppapig,0,1570202525
56227,421,peppapig,1,1570203580
56228,422,peppapig,0,1570203850
56253,423,peppapig,1,1570204521
56254,424,peppapig,0,1570206418
56255,425,peppapig,1,1570207130
56263,426,peppapig,0,1570208799
56264,427,peppapig,1,1570208848
56277,428,peppapig,0,1570212611
56278,429,peppapig,1,1570212922
56279,430,peppapig,0,1570215415
56280,431,peppapig,1,1570215476
56281,432,peppapig,0,1570215748
56282,433,peppapig,1,1570215971
56283,434,peppapig,0,1570216153
56284,435,peppapig,1,1570216178
56310,436,peppapig,0,1570216983
56311,437,peppapig,1,1570216999
56312,438,peppapig,1,1570218107
56321,439,peppapig,1,1570248015
56322,440,peppapig,0,1570248296
56323,441,peppapig,1,1570248313
56348,442,peppapig,0,1570256621
56349,443,peppapig,1,1570256822
56350,444,peppapig,1,1570257039
56351,445,peppapig,0,1570257053
56363,446,peppapig,1,1570262567
56364,447,peppapig,0,1570263294
56365,448,peppapig,1,1570263301
56366,449,peppapig,0,1570263570
56367,450,peppapig,1,1570263584
56368,451,peppapig,1,1570264063
56369,452,peppapig,0,1570265115
56370,453,peppapig,1,1570265138
56371,454,peppapig,0,1570265234
56372,455,peppapig,1,1570265334
56373,456,peppapig,0,1570265506
56381,457,peppapig,1,1570265557
56382,458,peppapig,0,1570265611
56383,459,peppapig,1,1570265670
56384,460,peppapig,0,1570266091
56385,461,peppapig,1,1570266103
56386,462,peppapig,0,1570266138
56387,463,peppapig,1,1570266200
56388,464,peppapig,0,1570266205
56389,465,peppapig,1,1570266231
56390,466,peppapig,0,1570266487
56391,467,peppapig,1,1570266536
56392,468,peppapig,1,1570267062
56393,469,peppapig,0,1570267318
56394,470,peppapig,1,1570267526
56395,471,peppapig,0,1570268164
56396,472,peppapig,1,1570268243
56397,473,peppapig,0,1570268555
56398,474,peppapig,1,1570268730
56399,475,peppapig,0,1570269008
56400,476,peppapig,1,1570269091
56401,477,peppapig,0,1570269144
56415,478,peppapig,1,1570269735
56416,479,peppapig,0,1570270792
56417,480,peppapig,1,1570271719
56418,481,peppapig,0,1570271865
56419,482,peppapig,1,1570272420
56420,483,peppapig,0,1570273032
56421,484,peppapig,1,1570273034
56422,485,peppapig,0,1570273148
56423,486,peppapig,1,1570273176
56424,487,peppapig,0,1570273206
56425,488,peppapig,1,1570273212
56426,489,peppapig,0,1570273777
56427,490,peppapig,1,1570273840
56428,491,peppapig,0,1570273923
56429,492,peppapig,1,1570274739
56430,493,peppapig,0,1570275584
56431,494,peppapig,1,1570276341
56432,495,peppapig,0,1570276948
56433,496,peppapig,1,1570276966
56434,497,peppapig,0,1570276967
56435,498,peppapig,1,1570277005
56436,499,peppapig,0,1570278317
56437,500,peppapig,1,1570278324
56438,501,peppapig,1,1570280281
56439,502,peppapig,1,1570281013
56440,503,peppapig,1,1570281148
56441,504,peppapig,0,1570281436
56442,505,peppapig,1,1570281439
56443,506,peppapig,1,1570281823
56444,507,peppapig,1,1570281995
56445,508,peppapig,0,1570282011
56446,509,peppapig,1,1570282018
56447,510,peppapig,0,1570282168
56448,511,peppapig,1,1570282334
56449,512,peppapig,0,1570282337
56450,513,peppapig,1,1570282687
56451,514,peppapig,0,1570282731
56452,515,peppapig,1,1570282963
56453,516,peppapig,0,1570283095
56454,517,peppapig,1,1570284606
56471,518,peppapig,0,1570285693
56472,519,peppapig,1,1570285824
56496,520,peppapig,0,1570289361
56497,521,peppapig,1,1570290158
56498,522,peppapig,0,1570292245
56499,523,peppapig,1,1570292392
56542,524,peppapig,0,1570294026
56629,525,peppapig,1,1570297826
56630,526,peppapig,0,1570299071
56631,527,peppapig,1,1570299658
56632,528,peppapig,1,1570299680
56633,529,peppapig,0,1570299703
56634,530,peppapig,1,1570300720
56635,531,peppapig,1,1570300862
56706,532,peppapig,1,1570329305
56707,533,peppapig,1,1570329443
56708,534,peppapig,0,1570329444
56709,535,peppapig,1,1570329665
56710,536,peppapig,1,1570330794
56711,537,peppapig,1,1570330877
56712,538,peppapig,1,1570330971
56713,539,peppapig,0,1570331024
56714,540,peppapig,1,1570333414
56715,541,peppapig,1,1570334418
56716,542,peppapig,0,1570335621
56717,543,peppapig,1,1570335932
56718,544,peppapig,0,1570335986
56719,545,peppapig,1,1570336331
56720,546,peppapig,0,1570336365
56721,547,peppapig,1,1570336445
56722,548,peppapig,0,1570340729
56727,549,peppapig,1,1570340797
56728,550,peppapig,0,1570341176
56729,551,peppapig,1,1570341202
56730,552,peppapig,0,1570341202
56731,553,peppapig,1,1570341380
56732,554,peppapig,0,1570341380
56733,555,peppapig,1,1570341773
56734,556,peppapig,0,1570341914
56735,557,peppapig,1,1570341948
56736,558,peppapig,0,1570345353
56739,559,peppapig,1,1570346615
56740,560,peppapig,1,1570347960
56741,561,peppapig,1,1570347965
56742,562,peppapig,0,1570350096
56753,563,peppapig,1,1570350222
56754,564,peppapig,0,1570350670
56755,565,peppapig,1,1570350724
56756,566,peppapig,0,1570351489
56757,567,peppapig,1,1570351658
56758,568,peppapig,1,1570352107
56759,569,peppapig,1,1570352137
56760,570,peppapig,1,1570352151
56761,571,peppapig,0,1570352480
56762,572,peppapig,1,1570352662
56763,573,peppapig,1,1570353317
56768,574,peppapig,0,1570354999
56769,575,peppapig,1,1570355017
56770,576,peppapig,1,1570355513
56771,577,peppapig,0,1570356006
56772,578,peppapig,1,1570357223
56773,579,peppapig,0,1570360191
56787,580,peppapig,1,1570363408
56788,581,peppapig,0,1570363511
56807,582,peppapig,1,1570365950
56808,583,peppapig,0,1570366066
56809,584,peppapig,1,1570366465
56810,585,peppapig,0,1570366883
56811,586,peppapig,1,1570367004
56812,587,peppapig,0,1570367060
56813,588,peppapig,1,1570367458
56817,589,peppapig,0,1570370294
56818,590,peppapig,1,1570370339
56819,591,peppapig,1,1570371526
56820,592,peppapig,0,1570372347
56821,593,peppapig,1,1570372399
56822,594,peppapig,0,1570372404
56827,595,peppapig,1,1570373123
56828,596,peppapig,1,1570375631
56878,597,peppapig,0,1570378362
56879,598,peppapig,1,1570378777
56880,599,peppapig,0,1570379267
56881,600,peppapig,1,1570379487
56882,601,peppapig,1,1570383816
56883,602,peppapig,0,1570387026
56884,603,peppapig,1,1570388441
56885,604,peppapig,1,1570397005
56886,605,peppapig,0,1570400703
56887,606,peppapig,1,1570400714
56892,607,peppapig,0,1570421868
56893,608,peppapig,1,1570421896
56925,609,peppapig,0,1570430834
56926,610,peppapig,1,1570431817
56927,611,peppapig,1,1570431936
56928,612,peppapig,1,1570431998
56929,613,peppapig,0,1570432057
56930,614,peppapig,1,1570435499
56931,615,peppapig,0,1570435607
56952,616,peppapig,1,1570436491
56953,617,peppapig,0,1570439595
56954,618,peppapig,1,1570439600
56955,619,peppapig,0,1570439619
56956,620,peppapig,1,1570439765
56957,621,peppapig,0,1570439767
56972,622,peppapig,1,1570439992
56973,623,peppapig,0,1570440112
56974,624,peppapig,1,1570440335
56975,625,peppapig,0,1570440357
56976,626,peppapig,1,1570440594
56977,627,peppapig,0,1570441108
56978,628,peppapig,1,1570441111
56979,629,peppapig,1,1570441920
56980,630,peppapig,0,1570442444
56981,631,peppapig,1,1570442462
56982,632,peppapig,0,1570442507
56983,633,peppapig,1,1570442511
56984,634,peppapig,1,1570442579
56985,635,peppapig,0,1570442933
56986,636,peppapig,1,1570442952
56987,637,peppapig,0,1570443017
56988,638,peppapig,1,1570443064
56989,639,peppapig,0,1570443128
56990,640,peppapig,1,1570443199
56991,641,peppapig,1,1570443299
56992,642,peppapig,1,1570443302
56993,643,peppapig,0,1570443470
57007,644,peppapig,1,1570443993
57008,645,peppapig,1,1570444021
57009,646,peppapig,0,1570444052
57010,647,peppapig,1,1570444317
57011,648,peppapig,0,1570444326
57012,649,peppapig,1,1570444729
57013,650,peppapig,0,1570444743
57014,651,peppapig,1,1570445007
57015,652,peppapig,0,1570445135
57016,653,peppapig,1,1570445214
57017,654,peppapig,0,1570445218
57018,655,peppapig,1,1570445224
57019,656,peppapig,1,1570445498
57020,657,peppapig,0,1570445571
57021,658,peppapig,1,1570445575
57022,659,peppapig,0,1570445646
57023,660,peppapig,1,1570445722
57024,661,peppapig,0,1570445817
57025,662,peppapig,1,1570446130
57026,663,peppapig,0,1570446162
57027,664,peppapig,1,1570446274
57028,665,peppapig,0,1570446294
57029,666,peppapig,1,1570446371
57030,667,peppapig,0,1570446396
57031,668,peppapig,1,1570446658
57032,669,peppapig,0,1570446812
57033,670,peppapig,1,1570446822
57034,671,peppapig,0,1570446825
57035,672,peppapig,1,1570446909
57049,673,peppapig,0,1570448318
57050,674,peppapig,1,1570448837
57051,675,peppapig,0,1570449071
57052,676,peppapig,1,1570449139
57053,677,peppapig,0,1570449307
57054,678,peppapig,1,1570449382
57055,679,peppapig,0,1570449431
57056,680,peppapig,1,1570449435
57057,681,peppapig,0,1570449507
57058,682,peppapig,1,1570449509
57059,683,peppapig,0,1570449778
57060,684,peppapig,1,1570450023
57061,685,peppapig,0,1570450062
57062,686,peppapig,1,1570450155
57063,687,peppapig,0,1570450192
57064,688,peppapig,1,1570450228
57065,689,peppapig,1,1570450392
57066,690,peppapig,0,1570450459
57067,691,peppapig,1,1570450718
57080,692,peppapig,1,1570451115
57081,693,peppapig,0,1570451474
57082,694,peppapig,1,1570451528
57083,695,peppapig,0,1570451557
57084,696,peppapig,1,1570451650
57085,697,peppapig,0,1570451698
57086,698,peppapig,1,1570451709
57087,699,peppapig,0,1570451943
57088,700,peppapig,1,1570452060
57089,701,peppapig,0,1570452712
57090,702,peppapig,1,1570452801
57091,703,peppapig,0,1570454037
57092,704,peppapig,1,1570454535
57093,705,peppapig,0,1570454567
57094,706,peppapig,1,1570454590
57095,707,peppapig,0,1570454621
57096,708,peppapig,1,1570454694
57133,709,peppapig,0,1570457245
57134,710,peppapig,1,1570458279
57175,711,peppapig,0,1570461930
57176,712,peppapig,1,1570461970
57177,713,peppapig,0,1570461984
57178,714,peppapig,1,1570461998
57221,715,peppapig,0,1570464079
57222,716,peppapig,1,1570464181
57223,717,peppapig,0,1570464392
57224,718,peppapig,1,1570464398
57225,719,peppapig,0,1570465053
57226,720,peppapig,1,1570465058
57227,721,peppapig,0,1570466370
57260,722,peppapig,1,1570467490
57261,723,peppapig,0,1570467504
57262,724,peppapig,1,1570468413
57263,725,peppapig,0,1570468680
57264,726,peppapig,1,1570468933
57265,727,peppapig,0,1570468958
57266,728,peppapig,1,1570469000
57267,729,peppapig,0,1570469027
57268,730,peppapig,1,1570469597
57269,731,peppapig,0,1570469598
57270,732,peppapig,1,1570469602
57271,733,peppapig,0,1570469838
57272,734,peppapig,1,1570470396
57273,735,peppapig,0,1570470479
57274,736,peppapig,1,1570470504
57275,737,peppapig,0,1570470547
57319,738,peppapig,1,1570470679
57320,739,peppapig,0,1570470698
57321,740,peppapig,1,1570470722
57322,741,peppapig,0,1570470854
57323,742,peppapig,1,1570471614
57324,743,peppapig,0,1570472046
57325,744,peppapig,1,1570472648
57364,745,peppapig,0,1570476246
57365,746,peppapig,1,1570476276
57366,747,peppapig,0,1570477442
57367,748,peppapig,1,1570477689
57368,749,peppapig,0,1570477703
57369,750,peppapig,1,1570477723
57370,751,peppapig,0,1570477727
57371,752,peppapig,1,1570477742
57391,753,peppapig,0,1570507223
57392,754,peppapig,1,1570507227
57393,755,peppapig,0,1570508648
57394,756,peppapig,1,1570508688
57395,757,peppapig,0,1570508708
57396,758,peppapig,1,1570509777
57514,759,peppapig,1,1570529652
57515,760,peppapig,0,1570531192
57516,761,peppapig,1,1570532419
57517,762,peppapig,1,1570532802
57559,763,peppapig,0,1570536046
57560,764,peppapig,1,1570536683
57584,765,peppapig,1,1570537295
57585,766,peppapig,0,1570539661
57586,767,peppapig,1,1570539678
57609,768,peppapig,0,1570541661
57610,769,peppapig,1,1570542814
57611,770,peppapig,1,1570542817
57634,771,peppapig,0,1570545035
57635,772,peppapig,1,1570545081
57636,773,peppapig,0,1570545129
57637,774,peppapig,1,1570545484
57638,775,peppapig,0,1570546689
57639,776,peppapig,1,1570546747
57640,777,peppapig,0,1570546786
57641,778,peppapig,1,1570547030
57642,779,peppapig,1,1570548804
57664,780,peppapig,0,1570550276
57665,781,peppapig,1,1570550290
57722,782,peppapig,0,1570553956
57723,783,peppapig,1,1570553986
57724,784,peppapig,0,1570554134
57725,785,peppapig,1,1570554335
57726,786,peppapig,0,1570555168
57727,787,peppapig,1,1570555957
57769,788,peppapig,0,1570556745
57770,789,peppapig,1,1570556763
57771,790,peppapig,0,1570556844
57772,791,peppapig,1,1570556895
57773,792,peppapig,0,1570557658
57774,793,peppapig,1,1570558259
57775,794,peppapig,0,1570560207
57787,795,peppapig,1,1570560809
57788,796,peppapig,0,1570561155
57789,797,peppapig,1,1570561659
57790,798,peppapig,0,1570562381
57791,799,peppapig,1,1570562512
57792,800,peppapig,0,1570563149
57793,801,peppapig,1,1570563161
57794,802,peppapig,0,1570563610
57795,803,peppapig,1,1570563643
57825,804,peppapig,1,1570565610
57842,805,peppapig,1,1570581031
57843,806,peppapig,1,1570588221
57844,807,peppapig,0,1570588226
57845,808,peppapig,1,1570588233
57846,809,peppapig,0,1570588752
57847,810,peppapig,1,1570588758
57848,811,peppapig,0,1570589965
57849,812,peppapig,1,1570590909
57850,813,peppapig,1,1570597827
57851,814,peppapig,0,1570598143
57852,815,peppapig,1,1570598215
57854,816,peppapig,1,1570599418
57855,817,peppapig,0,1570599680
57856,818,peppapig,1,1570599818
57857,819,peppapig,0,1570600513
57858,820,peppapig,1,1570601267
57859,821,peppapig,0,1570602015
57860,822,peppapig,1,1570602108
57861,823,peppapig,0,1570602171
57862,824,peppapig,1,1570602229
57863,825,peppapig,0,1570602236
57864,826,peppapig,1,1570602276
57880,827,peppapig,0,1570602529
57896,828,peppapig,1,1570603109
57897,829,peppapig,0,1570604319
57898,830,peppapig,1,1570604335
57899,831,peppapig,0,1570604714
57900,832,peppapig,1,1570604725
57901,833,peppapig,0,1570605562
57902,834,peppapig,1,1570605623
57903,835,peppapig,0,1570605699
57904,836,peppapig,1,1570605746
57905,837,peppapig,0,1570605755
57906,838,peppapig,1,1570605791
57907,839,peppapig,0,1570605849
57908,840,peppapig,1,1570605894
57909,841,peppapig,0,1570605929
57910,842,peppapig,1,1570605939
57911,843,peppapig,0,1570606011
57912,844,peppapig,1,1570606015
57913,845,peppapig,0,1570606256
57943,846,peppapig,1,1570606490
57944,847,peppapig,1,1570606566
57945,848,peppapig,1,1570606646
57946,849,peppapig,0,1570607484
57947,850,peppapig,1,1570607692
57948,851,peppapig,0,1570607731
57949,852,peppapig,1,1570607745
57950,853,peppapig,0,1570607839
57951,854,peppapig,1,1570607844
57952,855,peppapig,0,1570608087
57953,856,peppapig,1,1570608745
57981,857,peppapig,0,1570610169
57982,858,peppapig,1,1570610259
57983,859,peppapig,0,1570610261
57984,860,peppapig,1,1570610264
57985,861,peppapig,0,1570612494
57986,862,peppapig,1,1570612501
57987,863,peppapig,0,1570612530
57988,864,peppapig,1,1570613584
57989,865,peppapig,0,1570613699
58028,866,peppapig,1,1570617142
58108,867,peppapig,0,1570617327
58109,868,peppapig,1,1570618813
58110,869,peppapig,0,1570619200
58111,870,peppapig,1,1570619227
58112,871,peppapig,0,1570619279
58113,872,peppapig,1,1570619303
58114,873,peppapig,0,1570621000
58115,874,peppapig,1,1570621010
58144,875,peppapig,1,1570622071
58145,876,peppapig,0,1570624170
58146,877,peppapig,1,1570624372
58147,878,peppapig,0,1570624822
58185,879,peppapig,1,1570627763
58186,880,peppapig,0,1570627890
58187,881,peppapig,1,1570628319
58188,882,peppapig,1,1570628338
58189,883,peppapig,1,1570629382
58190,884,peppapig,1,1570632334
58191,885,peppapig,0,1570632528
58192,886,peppapig,1,1570633143
58193,887,peppapig,0,1570633158
58194,888,peppapig,1,1570633770
58195,889,peppapig,0,1570633867
58196,890,peppapig,1,1570633877
58197,891,peppapig,0,1570633977
58198,892,peppapig,1,1570634017
58199,893,peppapig,0,1570634265
58200,894,peppapig,1,1570634283
58201,895,peppapig,0,1570634429
58202,896,peppapig,1,1570634458
58203,897,peppapig,0,1570634629
58204,898,peppapig,1,1570635268
58205,899,peppapig,0,1570635584
58206,900,peppapig,1,1570635597
58207,901,peppapig,1,1570635617
58208,902,peppapig,0,1570635618
58251,903,peppapig,1,1570635757
58252,904,peppapig,1,1570636037
58253,905,peppapig,1,1570636109
58254,906,peppapig,1,1570636157
58255,907,peppapig,0,1570636157
58256,908,peppapig,1,1570636161
58257,909,peppapig,0,1570636469
58258,910,peppapig,1,1570636492
58259,911,peppapig,1,1570637271
58260,912,peppapig,0,1570637458
58261,913,peppapig,1,1570638002
58262,914,peppapig,1,1570638069
58263,915,peppapig,0,1570638072
58264,916,peppapig,1,1570638074
58276,917,peppapig,0,1570640865
58277,918,peppapig,1,1570640877
58278,919,peppapig,1,1570641011
58279,920,peppapig,1,1570642791
58280,921,peppapig,0,1570643622
58302,922,peppapig,1,1570643663
58313,923,peppapig,0,1570648235
58314,924,peppapig,1,1570648270
58339,925,peppapig,0,1570651363
58340,926,peppapig,1,1570651372
58361,927,peppapig,1,1570680023
58363,928,peppapig,1,1570683175
58364,929,peppapig,1,1570683180
58365,930,peppapig,0,1570683401
58372,931,peppapig,1,1570686697
58373,932,peppapig,0,1570686777
58392,933,peppapig,1,1570691229
58393,934,peppapig,0,1570691275
58434,935,peppapig,1,1570696803
58465,936,peppapig,0,1570702478
58505,937,peppapig,1,1570702993
58506,938,peppapig,0,1570706132
58507,939,peppapig,1,1570706145
58575,940,peppapig,1,1570712658
58609,941,peppapig,0,1570716741
58610,942,peppapig,1,1570716855
58611,943,peppapig,1,1570718453
58612,944,peppapig,1,1570720241
58631,945,peppapig,0,1570724652
58658,946,peppapig,1,1570724898
58659,947,peppapig,0,1570725002
58660,948,peppapig,1,1570725052
58661,949,peppapig,0,1570725214
58662,950,peppapig,1,1570725814
58663,951,peppapig,0,1570727854
58696,952,peppapig,1,1570728755
58697,953,peppapig,0,1570729718
58698,954,peppapig,1,1570729749
58699,955,peppapig,1,1570729909
58700,956,peppapig,1,1570730054
58701,957,peppapig,1,1570731165
58720,958,peppapig,0,1570732428
58721,959,peppapig,1,1570732482
58722,960,peppapig,0,1570732904
58723,961,peppapig,1,1570733051
58724,962,peppapig,1,1570733144
58725,963,peppapig,0,1570733193
58726,964,peppapig,1,1570733870
58727,965,peppapig,1,1570734004
58728,966,peppapig,0,1570734452
58729,967,peppapig,1,1570734510
58739,968,peppapig,1,1570737494
58740,969,peppapig,0,1570738643
58741,970,peppapig,1,1570738842
58742,971,peppapig,0,1570739352
58754,972,peppapig,1,1570742016
58755,973,peppapig,1,1570742025
58787,974,peppapig,1,1570766424
58788,975,peppapig,0,1570766999
58789,976,peppapig,1,1570767021
58795,977,peppapig,0,1570771440
58796,978,peppapig,1,1570772061
58797,979,peppapig,0,1570772199
58798,980,peppapig,1,1570772337
58821,981,peppapig,0,1570773773
58822,982,peppapig,1,1570773802
58823,983,peppapig,1,1570774108
58824,984,peppapig,0,1570774815
58825,985,peppapig,1,1570774872
58826,986,peppapig,0,1570775167
58827,987,peppapig,1,1570775191
58828,988,peppapig,1,1570775614
58829,989,peppapig,0,1570775815
58830,990,peppapig,1,1570776088
58831,991,peppapig,0,1570776343
58842,992,peppapig,1,1570778156
58843,993,peppapig,0,1570779646
58844,994,peppapig,1,1570779654
59141,995,peppapig,1,1570815101
59142,996,peppapig,1,1570815249
59143,997,peppapig,0,1570818797
59144,998,peppapig,1,1570818821
59206,999,peppapig,0,1570820908
59207,1000,peppapig,1,1570820930
59208,1001,peppapig,1,1570821762
59209,1002,peppapig,0,1570822116
59210,1003,peppapig,1,1570822130
59234,1004,peppapig,0,1570825803
59235,1005,peppapig,1,1570825814
59349,1006,peppapig,0,1570826644
59350,1007,peppapig,1,1570826659
59407,1008,peppapig,0,1570857222
59408,1009,peppapig,1,1570857227
59414,1010,peppapig,0,1570859325
59415,1011,peppapig,1,1570859332
59423,1012,peppapig,0,1570863245
59424,1013,peppapig,1,1570863268
59425,1014,peppapig,0,1570864201
59426,1015,peppapig,1,1570864551
59427,1016,peppapig,1,1570864833
59428,1017,peppapig,1,1570864892
59429,1018,peppapig,1,1570864909
59430,1019,peppapig,0,1570864916
59431,1020,peppapig,1,1570864919
59471,1021,peppapig,0,1570871345
59509,1022,peppapig,1,1570871552
59510,1023,peppapig,0,1570871603
59511,1024,peppapig,1,1570871671
59512,1025,peppapig,0,1570873135
59513,1026,peppapig,1,1570873138
59514,1027,peppapig,0,1570873268
59515,1028,peppapig,1,1570873316
59516,1029,peppapig,0,1570873605
59517,1030,peppapig,1,1570873627
59518,1031,peppapig,0,1570873638
59519,1032,peppapig,1,1570873659
59520,1033,peppapig,1,1570873686
59521,1034,peppapig,1,1570873773
59522,1035,peppapig,1,1570873902
59523,1036,peppapig,0,1570874099
59524,1037,peppapig,1,1570874164
59525,1038,peppapig,0,1570874285
59526,1039,peppapig,1,1570874313
59527,1040,peppapig,0,1570874357
59528,1041,peppapig,1,1570874450
59529,1042,peppapig,1,1570874453
59530,1043,peppapig,0,1570875306
59859,1044,peppapig,1,1570875353
59860,1045,peppapig,1,1570876125
59861,1046,peppapig,1,1570876485
59862,1047,peppapig,0,1570876487
59863,1048,peppapig,1,1570876517
59864,1049,peppapig,1,1570876852
59865,1050,peppapig,0,1570876890
59866,1051,peppapig,1,1570876902
59867,1052,peppapig,0,1570876949
59868,1053,peppapig,1,1570876960
59869,1054,peppapig,1,1570877069
59870,1055,peppapig,0,1570877154
59871,1056,peppapig,1,1570877178
59872,1057,peppapig,0,1570877246
59873,1058,peppapig,1,1570877259
59874,1059,peppapig,0,1570877344
59875,1060,peppapig,1,1570877355
59876,1061,peppapig,0,1570877410
59877,1062,peppapig,1,1570877420
59878,1063,peppapig,1,1570877427
59879,1064,peppapig,1,1570877455
59880,1065,peppapig,1,1570878112
59881,1066,peppapig,0,1570882627
59882,1067,peppapig,1,1570882631
59883,1068,peppapig,0,1570883252
59884,1069,peppapig,1,1570883258
59885,1070,peppapig,1,1570888388
59886,1071,peppapig,0,1570890146
59887,1072,peppapig,1,1570890173
59888,1073,peppapig,0,1570890186
59889,1074,peppapig,1,1570890211
59890,1075,peppapig,1,1570890389
59891,1076,peppapig,0,1570890395
59892,1077,peppapig,1,1570890398
59893,1078,peppapig,1,1570890698
59894,1079,peppapig,0,1570891244
59895,1080,peppapig,1,1570891259
59896,1081,peppapig,1,1570891484
59897,1082,peppapig,1,1570895827
59898,1083,peppapig,1,1570895837
59899,1084,peppapig,1,1570895887
59900,1085,peppapig,0,1570895906
59901,1086,peppapig,1,1570896150
59902,1087,peppapig,1,1570897403
59903,1088,peppapig,0,1570902322
59904,1089,peppapig,1,1570902383
59905,1090,peppapig,1,1570902470
59906,1091,peppapig,1,1570902835
59907,1092,peppapig,1,1570904432
59908,1093,peppapig,1,1570905251
59909,1094,peppapig,0,1570906041
59910,1095,peppapig,1,1570906045
59911,1096,peppapig,0,1570906366
59912,1097,peppapig,1,1570906385
59913,1098,peppapig,0,1570906422
59914,1099,peppapig,1,1570906427
59915,1100,peppapig,0,1570906855
59916,1101,peppapig,1,1570907225
59917,1102,peppapig,0,1570907456
59924,1103,peppapig,1,1570908734
59925,1104,peppapig,1,1570910040
59926,1105,peppapig,0,1570910174
59927,1106,peppapig,1,1570910905
59928,1107,peppapig,0,1570910922
59929,1108,peppapig,1,1570911000
59930,1109,peppapig,0,1570911001
59941,1110,peppapig,1,1570911846
59942,1111,peppapig,0,1570912012
59943,1112,peppapig,1,1570912326
59944,1113,peppapig,0,1570912673
59945,1114,peppapig,1,1570913497
59960,1115,peppapig,1,1570937410
59961,1116,peppapig,1,1570938025
59962,1117,peppapig,0,1570938026
59963,1118,peppapig,1,1570938050
59964,1119,peppapig,1,1570938422
59965,1120,peppapig,0,1570938423
59966,1121,peppapig,1,1570939026
59967,1122,peppapig,0,1570939404
59968,1123,peppapig,1,1570941732
59973,1124,peppapig,1,1570947775
59974,1125,peppapig,0,1570947809
59975,1126,peppapig,0,1570947853
59976,1127,peppapig,1,1570947853
59977,1128,peppapig,1,1570947860
59978,1129,peppapig,0,1570947865
59979,1130,peppapig,1,1570947883
60001,1131,peppapig,0,1570955653
60002,1132,peppapig,1,1570956482
60003,1133,peppapig,0,1570957504
60004,1134,peppapig,1,1570957808
60049,1135,peppapig,0,1570967168
60068,1136,peppapig,1,1570968365
60069,1137,peppapig,0,1570970287
60082,1138,peppapig,1,1570974194
60083,1139,peppapig,1,1570974227
60154,1140,peppapig,0,1570982412
60155,1141,peppapig,1,1570982485
60175,1142,peppapig,0,1570984264
60176,1143,peppapig,1,1570984649
60177,1144,peppapig,0,1570986081
60178,1145,peppapig,1,1570986092
60196,1146,peppapig,0,1570990868
60215,1147,peppapig,1,1570990894
60216,1148,peppapig,1,1570991410
60217,1149,peppapig,0,1570993041
60271,1150,peppapig,1,1570994667
60296,1151,peppapig,1,1571023821
60297,1152,peppapig,1,1571027330
60298,1153,peppapig,0,1571027581
60302,1154,peppapig,1,1571032354
60303,1155,peppapig,0,1571032473
60304,1156,peppapig,1,1571033055
60324,1157,peppapig,0,1571037462
60325,1158,peppapig,1,1571037480
60326,1159,peppapig,0,1571038731
60327,1160,peppapig,1,1571038767
60349,1161,peppapig,0,1571039283
60350,1162,peppapig,1,1571039338
60351,1163,peppapig,0,1571039931
60352,1164,peppapig,1,1571039958
60353,1165,peppapig,0,1571039962
60354,1166,peppapig,1,1571040057
60355,1167,peppapig,0,1571040070
60356,1168,peppapig,1,1571040083
60357,1169,peppapig,0,1571040083
60358,1170,peppapig,1,1571040093
60359,1171,peppapig,0,1571040157
60360,1172,peppapig,1,1571040187
60361,1173,peppapig,0,1571040733
60362,1174,peppapig,1,1571040761
60363,1175,peppapig,0,1571041093
60364,1176,peppapig,1,1571041100
60386,1177,peppapig,0,1571043748
60387,1178,peppapig,1,1571043776
60388,1179,peppapig,0,1571043780
60389,1180,peppapig,1,1571043782
60390,1181,peppapig,0,1571043826
60391,1182,peppapig,1,1571043909
60392,1183,peppapig,0,1571043935
60393,1184,peppapig,1,1571043953
60394,1185,peppapig,0,1571043973
60395,1186,peppapig,1,1571043977
60396,1187,peppapig,0,1571044039
60397,1188,peppapig,1,1571045495
60443,1189,peppapig,0,1571047221
60444,1190,peppapig,1,1571047287
60445,1191,peppapig,0,1571048392
60446,1192,peppapig,1,1571048552
60447,1193,peppapig,0,1571048590
60448,1194,peppapig,1,1571048673
60449,1195,peppapig,0,1571048754
60450,1196,peppapig,1,1571048773
60451,1197,peppapig,0,1571048857
60452,1198,peppapig,1,1571048863
60509,1199,peppapig,0,1571062406
60528,1200,peppapig,1,1571062469
60529,1201,peppapig,0,1571062522
60530,1202,peppapig,1,1571062583
60531,1203,peppapig,0,1571063042
60532,1204,peppapig,1,1571063049
60533,1205,peppapig,0,1571063129
60534,1206,peppapig,1,1571063145
60535,1207,peppapig,0,1571063279
60536,1208,peppapig,1,1571063431
60537,1209,peppapig,0,1571063988
60538,1210,peppapig,1,1571064644
60539,1211,peppapig,0,1571065162
60540,1212,peppapig,1,1571065311
60541,1213,peppapig,0,1571065660
60669,1214,peppapig,1,1571066326
60670,1215,peppapig,0,1571067627
60671,1216,peppapig,1,1571068709
60672,1217,peppapig,0,1571071812
60673,1218,peppapig,1,1571071835
60674,1219,peppapig,1,1571076675
60675,1220,peppapig,0,1571078146
60676,1221,peppapig,1,1571078153
60677,1222,peppapig,1,1571080460
60678,1223,peppapig,0,1571080631
60679,1224,peppapig,1,1571080719
60680,1225,peppapig,1,1571081880
60681,1226,peppapig,0,1571084110
60682,1227,peppapig,1,1571084176
60683,1228,peppapig,0,1571084177
60684,1229,peppapig,1,1571084184
60693,1230,peppapig,0,1571111814
60694,1231,peppapig,1,1571111831
60720,1232,peppapig,0,1571121858
60721,1233,peppapig,1,1571121866
60722,1234,peppapig,1,1571123876
60736,1235,peppapig,0,1571125539
60737,1236,peppapig,1,1571126005
60738,1237,peppapig,0,1571126022
60739,1238,peppapig,1,1571126025
60740,1239,peppapig,0,1571126139
60741,1240,peppapig,1,1571126142
60742,1241,peppapig,0,1571126342
60743,1242,peppapig,1,1571126361
60744,1243,peppapig,1,1571126937
60745,1244,peppapig,0,1571127915
60746,1245,peppapig,1,1571128073
60747,1246,peppapig,0,1571128158
60748,1247,peppapig,1,1571128161
60749,1248,peppapig,1,1571128331
60750,1249,peppapig,0,1571129692
60802,1250,peppapig,1,1571129827
60803,1251,peppapig,0,1571130506
60804,1252,peppapig,1,1571130575
60805,1253,peppapig,0,1571130604
60806,1254,peppapig,1,1571130749
60807,1255,peppapig,0,1571131228
60808,1256,peppapig,1,1571131242
60809,1257,peppapig,0,1571131256
60810,1258,peppapig,1,1571131272
60811,1259,peppapig,0,1571131398
60812,1260,peppapig,1,1571131636
60813,1261,peppapig,0,1571131765
60814,1262,peppapig,1,1571132068
60815,1263,peppapig,0,1571132817
60816,1264,peppapig,1,1571132823
60817,1265,peppapig,0,1571132911
60818,1266,peppapig,1,1571132962
60819,1267,peppapig,0,1571133250
60820,1268,peppapig,1,1571133280
60847,1269,peppapig,1,1571135579
60848,1270,peppapig,0,1571135594
60849,1271,peppapig,1,1571135686
60850,1272,peppapig,0,1571135687
60851,1273,peppapig,1,1571136845
60878,1274,peppapig,0,1571139296
60879,1275,peppapig,1,1571140207
60880,1276,peppapig,0,1571140693
60881,1277,peppapig,1,1571140959
60882,1278,peppapig,0,1571141360
60883,1279,peppapig,1,1571141380
60884,1280,peppapig,1,1571141965
60885,1281,peppapig,0,1571142711
60913,1282,peppapig,1,1571143428
60914,1283,peppapig,0,1571143754
60915,1284,peppapig,1,1571143789
60916,1285,peppapig,0,1571148946
60917,1286,peppapig,1,1571148969
60973,1287,peppapig,0,1571154032
60974,1288,peppapig,1,1571154193
60975,1289,peppapig,0,1571154362
60976,1290,peppapig,1,1571154596
60977,1291,peppapig,0,1571155033
60978,1292,peppapig,1,1571155147
60979,1293,peppapig,1,1571156312
61043,1294,peppapig,1,1571172838
61044,1295,peppapig,0,1571173188
61045,1296,peppapig,1,1571173193
